Express ID,Global ID,Parent's GUID,Class,PredefinedType,Name,Level,ObjectType,Material,QuantitySets.Qto_WallBaseQuantities.Length,QuantitySets.Qto_WallBaseQuantities.Height,QuantitySets.Qto_WallBaseQuantities.Width,QuantitySets.Qto_WallBaseQuantities.GrossFootprintArea,QuantitySets.Qto_WallBaseQuantities.NetFootprintArea,QuantitySets.Qto_WallBaseQuantities.GrossSideArea,QuantitySets.Qto_WallBaseQuantities.NetSideArea,QuantitySets.Qto_WallBaseQuantities.GrossVolume,QuantitySets.Qto_WallBaseQuantities.NetVolume,QuantitySets.Qto_WallBaseQuantities.Block.id,QuantitySets.Qto_WallBaseQuantities.Block.type,QuantitySets.Qto_WallBaseQuantities.Block.Discrimination,QuantitySets.Qto_WallBaseQuantities.Block.properties.Width,QuantitySets.Qto_WallBaseQuantities.id,QuantitySets.ArchiCADQuantities.Number of Doors,QuantitySets.ArchiCADQuantities.Number of Holes (Number of Empty Openings),QuantitySets.ArchiCADQuantities.Number of Windows,QuantitySets.ArchiCADQuantities.Number of Columns,QuantitySets.ArchiCADQuantities.Volume of the Columns,QuantitySets.ArchiCADQuantities.Maximum Height of the Wall Skin on the Inside Face,QuantitySets.ArchiCADQuantities.Minimum Height of the Wall Skin on the Inside Face,QuantitySets.ArchiCADQuantities.Maximum Height of the Wall,QuantitySets.ArchiCADQuantities.Minimum Height of the Wall,QuantitySets.ArchiCADQuantities.Maximum Height of the Wall Skin on the Outside Face,QuantitySets.ArchiCADQuantities.Minimum Height of the Wall Skin on the Outside Face,QuantitySets.ArchiCADQuantities.Air Skin Thickness,QuantitySets.ArchiCADQuantities.Area of the Doors,QuantitySets.ArchiCADQuantities.Combined Width of Doors,QuantitySets.ArchiCADQuantities.Wall Component Thickness on the Inside Face,QuantitySets.ArchiCADQuantities.Wall Component Thickness on the Outside Face,QuantitySets.ArchiCADQuantities.Area of the Windows,QuantitySets.ArchiCADQuantities.Combined Width of Windows,QuantitySets.ArchiCADQuantities.Wall Component Volume on the Inside Face (Net),QuantitySets.ArchiCADQuantities.Wall Component Volume on the Outside Face (Net),QuantitySets.ArchiCADQuantities.Analytic Surface Area of Openings on the Inside Face,QuantitySets.ArchiCADQuantities.Analytic Surface Area of Openings on the Outside Face,QuantitySets.ArchiCADQuantities.Average length of the Wall,QuantitySets.ArchiCADQuantities.Surface Area of the Wall Inside Face (Net),QuantitySets.ArchiCADQuantities.Surface Area of the Wall Outside Face (Net),QuantitySets.ArchiCADQuantities.Analytic Volume of the Openings,QuantitySets.ArchiCADQuantities.Length of Reference Line,QuantitySets.ArchiCADQuantities.Surface Area of the Wall Inside Face (Gross),QuantitySets.ArchiCADQuantities.Surface Area of the Wall Outside Face (Gross),QuantitySets.ArchiCADQuantities.End Thickness of the Wall,QuantitySets.ArchiCADQuantities.Length of the Wall at the Center,QuantitySets.ArchiCADQuantities.Length of the Wall on the Inside Face,QuantitySets.ArchiCADQuantities.Length of the Wall on the Outside Face,QuantitySets.ArchiCADQuantities.Surface Area of Empty Openings in the Wall,QuantitySets.ArchiCADQuantities.Area,QuantitySets.ArchiCADQuantities.Height,QuantitySets.ArchiCADQuantities.Volume (Net),QuantitySets.ArchiCADQuantities.Width,QuantitySets.ArchiCADQuantities.Elevation to Project Zero,QuantitySets.ArchiCADQuantities.Elevation to 1st Reference Level,QuantitySets.ArchiCADQuantities.Elevation to 2nd Reference Level,QuantitySets.ArchiCADQuantities.Elevation to Sea Level,QuantitySets.ArchiCADQuantities.Elevation to Linked/Home Story,QuantitySets.ArchiCADQuantities.Home Offset,QuantitySets.ArchiCADQuantities.Top Offset,QuantitySets.ArchiCADQuantities.Surface Area,QuantitySets.ArchiCADQuantities.3D Length,QuantitySets.ArchiCADQuantities.Thickness,QuantitySets.ArchiCADQuantities.Volume (Gross),QuantitySets.ArchiCADQuantities.Insulation Skin Thickness,QuantitySets.ArchiCADQuantities.Floor Plan Perimeter,QuantitySets.ArchiCADQuantities.Top Elevation To First Reference Level,QuantitySets.ArchiCADQuantities.Top Elevation To Home Story,QuantitySets.ArchiCADQuantities.Top Elevation To Project Zero,QuantitySets.ArchiCADQuantities.Top Elevation To Sea Level,QuantitySets.ArchiCADQuantities.Top Elevation To Second Reference Level,QuantitySets.ArchiCADQuantities.Bottom Elevation To First Reference Level,QuantitySets.ArchiCADQuantities.Bottom Elevation To Home Story,QuantitySets.ArchiCADQuantities.Bottom Elevation To Project Zero,QuantitySets.ArchiCADQuantities.Bottom Elevation To Sea Level,QuantitySets.ArchiCADQuantities.Bottom Elevation To Second Reference Level,QuantitySets.ArchiCADQuantities.Top Surface Area (Net),QuantitySets.ArchiCADQuantities.Edge Surface Area (Net),QuantitySets.ArchiCADQuantities.Bottom Surface Area (Net),QuantitySets.ArchiCADQuantities.id,QuantitySets.Component Quantities.Block.id,QuantitySets.Component Quantities.Block.type,QuantitySets.Component Quantities.Block.Discrimination,QuantitySets.Component Quantities.Block.properties.Mass,QuantitySets.Component Quantities.Block.properties.Projected Component Area (Net),QuantitySets.Component Quantities.Block.properties.Projected Component Area (Gross),QuantitySets.Component Quantities.Block.properties.Component Thickness,QuantitySets.Component Quantities.Block.properties.Rectangular Component Height,QuantitySets.Component Quantities.Block.properties.Rectangular Component Width,QuantitySets.Component Quantities.Block.properties.Component Cross Section Area,QuantitySets.Component Quantities.Block.properties.Component Volume (Net),QuantitySets.Component Quantities.Block.properties.Component Volume (Gross),QuantitySets.Component Quantities.id,PropertySets.Pset_ConcreteElementGeneral.FireRating,PropertySets.Pset_ConcreteElementGeneral.id,PropertySets.Pset_WallCommon.FireRating,PropertySets.Pset_WallCommon.id,PropertySets.D4D.10_Connection_type,PropertySets.D4D.50_Planned_decosntruction_date,PropertySets.D4D.id,PropertySets.ArchiCADProperties.Wall Complexity,PropertySets.ArchiCADProperties.Geometry Method,PropertySets.ArchiCADProperties.Reference Line Location,PropertySets.ArchiCADProperties.Inside Face Surface,PropertySets.ArchiCADProperties.Outside Face Surface,PropertySets.ArchiCADProperties.Wall Inside Slant Angle,PropertySets.ArchiCADProperties.Wall Outside Slant Angle,PropertySets.ArchiCADProperties.Element ID,PropertySets.ArchiCADProperties.Hotlink and Element ID,PropertySets.ArchiCADProperties.Layer,PropertySets.ArchiCADProperties.Unique ID,PropertySets.ArchiCADProperties.Archicad IFC ID,PropertySets.ArchiCADProperties.Building Material / Composite / Profile / Fill,PropertySets.ArchiCADProperties.Composite Structure,PropertySets.ArchiCADProperties.External IFC ID,PropertySets.ArchiCADProperties.Colliding Zones,PropertySets.ArchiCADProperties.Related Zone Name,PropertySets.ArchiCADProperties.Related Zone Number,PropertySets.ArchiCADProperties.Locked,PropertySets.ArchiCADProperties.Linked Changes,PropertySets.ArchiCADProperties.Home Story Name,PropertySets.ArchiCADProperties.Home Story Number,PropertySets.ArchiCADProperties.Property Object Name,PropertySets.ArchiCADProperties.Element Type,PropertySets.ArchiCADProperties.Absolute Top Link Story,PropertySets.ArchiCADProperties.Relative Top Link Story,PropertySets.ArchiCADProperties.Top Link Story,PropertySets.ArchiCADProperties.Structure Type,PropertySets.ArchiCADProperties.Parent ID,PropertySets.ArchiCADProperties.Building Materials (All),PropertySets.ArchiCADProperties.Surfaces (All),PropertySets.ArchiCADProperties.Hotlink Master ID,PropertySets.ArchiCADProperties.Slant Angle,PropertySets.ArchiCADProperties.ID of Connected Openings,PropertySets.ArchiCADProperties.Number of Openings,PropertySets.ArchiCADProperties.Structural Function,PropertySets.ArchiCADProperties.Position,PropertySets.ArchiCADProperties.Renovation Status,PropertySets.ArchiCADProperties.Show On Renovation Filter,PropertySets.ArchiCADProperties.id,PropertySets.Component Properties.Block.id,PropertySets.Component Properties.Block.type,PropertySets.Component Properties.Block.UsageName,PropertySets.Component Properties.Block.properties.Embodied Carbon,PropertySets.Component Properties.Block.properties.Embodied Energy,PropertySets.Component Properties.Block.properties.Component Type,PropertySets.Component Properties.id,Building ID,Street,Post code,Town,Canton,Country,Complete address,latitude,longitude,"QuantitySets.Qto_WallBaseQuantities.Dämmung, Konstruktion.id","QuantitySets.Qto_WallBaseQuantities.Dämmung, Konstruktion.type","QuantitySets.Qto_WallBaseQuantities.Dämmung, Konstruktion.Discrimination","QuantitySets.Qto_WallBaseQuantities.Dämmung, Konstruktion.properties.Width",QuantitySets.ArchiCADQuantities.Fläche,QuantitySets.ArchiCADQuantities.Höhe,QuantitySets.ArchiCADQuantities.Volumen (netto),QuantitySets.ArchiCADQuantities.Breite,QuantitySets.ArchiCADQuantities.Höhenangabe zum Projekt-Nullpunkt,QuantitySets.ArchiCADQuantities.Höhe zu 1. Referenzhöhe,QuantitySets.ArchiCADQuantities.Höhe zu 2. Referenzhöhe,QuantitySets.ArchiCADQuantities.Höhe zu Meereshöhe,QuantitySets.ArchiCADQuantities.Höhe zu verknüpftem/Ursprungsgeschoss,QuantitySets.ArchiCADQuantities.Abstand zu Ursprungsgeschoss,QuantitySets.ArchiCADQuantities.Abstand Oberkante,QuantitySets.ArchiCADQuantities.Oberflächenbereich,QuantitySets.ArchiCADQuantities.3D-Länge,QuantitySets.ArchiCADQuantities.Dicke,QuantitySets.ArchiCADQuantities.Volumen (konditional),QuantitySets.ArchiCADQuantities.Volumen (brutto),QuantitySets.ArchiCADQuantities.Dämmungsschichtdicke,QuantitySets.ArchiCADQuantities.Grundriss-Umfang,QuantitySets.ArchiCADQuantities.Oberkante zu erster Referenzhöhe,QuantitySets.ArchiCADQuantities.Oberkante zu Ursprungsgeschoss,QuantitySets.ArchiCADQuantities.Oberkante zu Projektursprung,QuantitySets.ArchiCADQuantities.Oberkante zu Meeresspiegel,QuantitySets.ArchiCADQuantities.Oberkante zu zweiter Referenzhöhe,QuantitySets.ArchiCADQuantities.Unterkante zu erster Referenzhöhe,QuantitySets.ArchiCADQuantities.Unterkante zu Ursprungsgeschoss,QuantitySets.ArchiCADQuantities.Unterkante zu Projektursprung,QuantitySets.ArchiCADQuantities.Unterkante zu Meereshöhe,QuantitySets.ArchiCADQuantities.Unterkante zu zweiter Referenzhöhe,QuantitySets.ArchiCADQuantities.Oberflächenbereich oben (netto),QuantitySets.ArchiCADQuantities.Kanten-Oberflächenbereich (netto),QuantitySets.ArchiCADQuantities.Oberflächenbereich unten (netto),QuantitySets.ArchiCADQuantities.Anzahl der Türen,QuantitySets.ArchiCADQuantities.Anzahl der Durchbrüche (Anzahl der leeren Öffnungen),QuantitySets.ArchiCADQuantities.Anzahl der Fenster,QuantitySets.ArchiCADQuantities.Anzahl der Stützen,QuantitySets.ArchiCADQuantities.Volumen der Stützen,QuantitySets.ArchiCADQuantities.Maximale Höhe der Wandschicht an der Innenseite,QuantitySets.ArchiCADQuantities.Minimale Höhe der Wandschicht an der Innenseite,QuantitySets.ArchiCADQuantities.Maximale Höhe der Wand,QuantitySets.ArchiCADQuantities.Minimale Höhe der Wand,QuantitySets.ArchiCADQuantities.Maximale Höhe der Wandschicht an der Außenseite,QuantitySets.ArchiCADQuantities.Minimale Höhe der Wandschicht an der Außenseite,QuantitySets.ArchiCADQuantities.Luftschichtdicke,QuantitySets.ArchiCADQuantities.Fläche der Türen,QuantitySets.ArchiCADQuantities.Kombinierte Breite der Türen,QuantitySets.ArchiCADQuantities.Dicke der Wandkomponente an der Innenfläche,QuantitySets.ArchiCADQuantities.Dicke der Wandkomponente an der Außenfläche,QuantitySets.ArchiCADQuantities.Fläche der Fenster,QuantitySets.ArchiCADQuantities.Kombinierte Breite der Fenster,QuantitySets.ArchiCADQuantities.Analytische Oberfläche der Öffnungen an der Innenseite,QuantitySets.ArchiCADQuantities.Analytische Oberfläche der Öffnungen an der Außenseite,QuantitySets.ArchiCADQuantities.Durchschnittliche Länge der Wand,QuantitySets.ArchiCADQuantities.Oberflächenbereich der Wand-Innenfläche (netto),QuantitySets.ArchiCADQuantities.Oberflächenbereich der Wand-Außenfläche (netto),QuantitySets.ArchiCADQuantities.Analytisches Volumen der Öffnungen,QuantitySets.ArchiCADQuantities.Länge der Referenzlinie,QuantitySets.ArchiCADQuantities.Länge der Wand-Innenfläche (konditional),QuantitySets.ArchiCADQuantities.Oberflächenbereich der Wand-Innenfläche (konditional),QuantitySets.ArchiCADQuantities.Länge der Wand-Außenfläche (konditional),QuantitySets.ArchiCADQuantities.Oberflächenbereich der Wand-Außenfläche (konditional),QuantitySets.ArchiCADQuantities.Oberflächenbereich der Wand-Innenfläche (brutto),QuantitySets.ArchiCADQuantities.Oberflächenbereich der Wand-Außenfläche (brutto),QuantitySets.ArchiCADQuantities.Wandstärke am Ende,QuantitySets.ArchiCADQuantities.Länge der Wand in der Achse,QuantitySets.ArchiCADQuantities.Wandlänge an der Innenseite,QuantitySets.ArchiCADQuantities.Wandlänge an der Außenseite,QuantitySets.ArchiCADQuantities.Oberflächenbereich der leeren Öffnungen in der Wand,"QuantitySets.Component Quantities.Dämmung, Konstruktion.id","QuantitySets.Component Quantities.Dämmung, Konstruktion.type","QuantitySets.Component Quantities.Dämmung, Konstruktion.Discrimination","QuantitySets.Component Quantities.Dämmung, Konstruktion.properties.Masse","QuantitySets.Component Quantities.Dämmung, Konstruktion.properties.Schicht/Komponenten Oberflächenbereich (netto)","QuantitySets.Component Quantities.Dämmung, Konstruktion.properties.Schicht/Komponenten Oberflächenbereich (brutto)","QuantitySets.Component Quantities.Dämmung, Konstruktion.properties.Schicht/Komponenten Oberflächenbereich (konditional)","QuantitySets.Component Quantities.Dämmung, Konstruktion.properties.Schichtdicke","QuantitySets.Component Quantities.Dämmung, Konstruktion.properties.Schicht/Komponente Höhe (rechteckig, brutto)","QuantitySets.Component Quantities.Dämmung, Konstruktion.properties.Schicht/Komponente Breite (rechteckig)","QuantitySets.Component Quantities.Dämmung, Konstruktion.properties.Schicht/Komponente Querschnittsbereich","QuantitySets.Component Quantities.Dämmung, Konstruktion.properties.Schicht/Komponenten Volumen (netto)","QuantitySets.Component Quantities.Dämmung, Konstruktion.properties.Schicht/Komponenten Volumen (brutto)",PropertySets.Pset_WallCommon.LoadBearing,PropertySets.Pset_WallCommon.IsExternal,PropertySets.Pset_WallCommon.Status,PropertySets.D4D.01_GUID,PropertySets.D4D.20_Material,PropertySets.ArchiCADProperties.Hotlink und Element-ID,PropertySets.ArchiCADProperties.Ebene,PropertySets.ArchiCADProperties.Eindeutige ID,PropertySets.ArchiCADProperties.ARCHICAD IFC ID,PropertySets.ArchiCADProperties.Baustoff / Mehrschichtiger Aufbau / Profil / Schraffur,PropertySets.ArchiCADProperties.Baustoff,PropertySets.ArchiCADProperties.Externe IFC ID,PropertySets.ArchiCADProperties.Kollidierende Räume,PropertySets.ArchiCADProperties.Zugehöriger Raumname,PropertySets.ArchiCADProperties.Zugehörige Raumnummer,PropertySets.ArchiCADProperties.Geschützt,PropertySets.ArchiCADProperties.Verknüpfte Änderungen,PropertySets.ArchiCADProperties.Ursprungsgeschoss Name,PropertySets.ArchiCADProperties.Ursprungsgeschoss Nummer,PropertySets.ArchiCADProperties.Name des Eigenschafts-Objekts,PropertySets.ArchiCADProperties.Element-Typ,PropertySets.ArchiCADProperties.Absolutes Geschoss für Oberkantenverknüpfung,PropertySets.ArchiCADProperties.Relatives Geschoss für Oberkantenverknüpfung,PropertySets.ArchiCADProperties.Geschoss für Oberkantenverknüpfung,PropertySets.ArchiCADProperties.Struktur-Typ,PropertySets.ArchiCADProperties.Überobjekt-ID,PropertySets.ArchiCADProperties.Baustoffe (Alle),PropertySets.ArchiCADProperties.Oberfläche (Alle),PropertySets.ArchiCADProperties.Hotlink Master-ID,PropertySets.ArchiCADProperties.Neigungswinkel,PropertySets.ArchiCADProperties.ID der verbundenen Öffnungen,PropertySets.ArchiCADProperties.Anzahl der Öffnungen,PropertySets.ArchiCADProperties.Oberfläche Kante,PropertySets.ArchiCADProperties.Anzeigen auf Umbau-Filter,PropertySets.ArchiCADProperties.Umbau-Status,PropertySets.ArchiCADProperties.Lage,PropertySets.ArchiCADProperties.Tragende Funktion,PropertySets.ArchiCADProperties.Wandkomplexität,PropertySets.ArchiCADProperties.Geometriemethode,PropertySets.ArchiCADProperties.Lage der Referenzlinie,PropertySets.ArchiCADProperties.Innenseite Oberfläche,PropertySets.ArchiCADProperties.Außenseite Oberfläche,PropertySets.ArchiCADProperties.Wand Innerer Neigungswinkel,PropertySets.ArchiCADProperties.Wand Äußerer Neigungswinkel,PropertySets.ArchiCADProperties.Erzeugen des Tragwerksanalyse-Modells,PropertySets.ArchiCADProperties.ARCHICAD Klassifizierung - v2.0,"PropertySets.Component Properties.Dämmung, Konstruktion.id","PropertySets.Component Properties.Dämmung, Konstruktion.type","PropertySets.Component Properties.Dämmung, Konstruktion.UsageName","PropertySets.Component Properties.Dämmung, Konstruktion.properties.Enthaltenes CO2","PropertySets.Component Properties.Dämmung, Konstruktion.properties.Enthaltene Energie","PropertySets.Component Properties.Dämmung, Konstruktion.properties.Schicht/Komponenten-Typ",MaterialPsets.Embodied Energy,MaterialPsets.Embodied Carbon,MaterialPsets.ID,MaterialPsets.Description,MaterialPsets.Manufacturer,MaterialPsets.Participates in Collision Detection,MaterialPsets.Connection type,MaterialPsets.id,"QuantitySets.Qto_WallBaseQuantities.Holz, Konstruktion.id","QuantitySets.Qto_WallBaseQuantities.Holz, Konstruktion.type","QuantitySets.Qto_WallBaseQuantities.Holz, Konstruktion.Discrimination","QuantitySets.Qto_WallBaseQuantities.Holz, Konstruktion.properties.Width",QuantitySets.ArchiCADQuantities.Grundriss-Durchbruch Umfang,QuantitySets.ArchiCADQuantities.Oberflächenbereich  oben (konditional),QuantitySets.ArchiCADQuantities.Oberflächenbereich unten (konditional),QuantitySets.ArchiCADQuantities.Unterer Flächenbereich (Brutto),QuantitySets.ArchiCADQuantities.Kantenflächenbereich (Brutto),QuantitySets.ArchiCADQuantities.Oberer Flächenbereich (Brutto),QuantitySets.ArchiCADQuantities.Höhenwert Unterkante,QuantitySets.ArchiCADQuantities.Oberflächenbereich der Decke oben (konditional),QuantitySets.ArchiCADQuantities.Oberflächenbereich der Decke unten (brutto),"QuantitySets.ArchiCADQuantities.Oberflächenbereich der Decke unten (brutto, mit Öffnungen)",QuantitySets.ArchiCADQuantities.Oberflächenbereich der Deckenkanten (brutto),"QuantitySets.ArchiCADQuantities.Oberflächenbereich der Deckenkanten (brutto, mit Öffnungen)",QuantitySets.ArchiCADQuantities.Oberflächenbereich der Decke oben (brutto),"QuantitySets.ArchiCADQuantities.Oberflächenbereich der Decke oben (brutto, mit Öffnungen)",QuantitySets.ArchiCADQuantities.Löcher Oberflächenbereich,QuantitySets.ArchiCADQuantities.Höhenwert Oberkante,"QuantitySets.Component Quantities.Holz, Konstruktion.id","QuantitySets.Component Quantities.Holz, Konstruktion.type","QuantitySets.Component Quantities.Holz, Konstruktion.Discrimination","QuantitySets.Component Quantities.Holz, Konstruktion.properties.Masse","QuantitySets.Component Quantities.Holz, Konstruktion.properties.Schicht/Komponenten Oberflächenbereich (netto)","QuantitySets.Component Quantities.Holz, Konstruktion.properties.Schicht/Komponenten Oberflächenbereich (brutto)","QuantitySets.Component Quantities.Holz, Konstruktion.properties.Schicht/Komponenten Oberflächenbereich (konditional)","QuantitySets.Component Quantities.Holz, Konstruktion.properties.Schichtdicke","QuantitySets.Component Quantities.Holz, Konstruktion.properties.Schicht/Komponenten Volumen (netto)","QuantitySets.Component Quantities.Holz, Konstruktion.properties.Schicht/Komponenten Volumen (brutto)","QuantitySets.Component Quantities.Holz, Konstruktion.properties.Schicht/Komponenten Volumen (konditional)",PropertySets.ArchiCADProperties.Deckschraffur,PropertySets.ArchiCADProperties.Oberfläche oben,PropertySets.ArchiCADProperties.Oberfläche unten,PropertySets.ArchiCADProperties.Lage der Referenzebene,"PropertySets.Component Properties.Holz, Konstruktion.id","PropertySets.Component Properties.Holz, Konstruktion.type","PropertySets.Component Properties.Holz, Konstruktion.UsageName","PropertySets.Component Properties.Holz, Konstruktion.properties.Enthaltenes CO2","PropertySets.Component Properties.Holz, Konstruktion.properties.Enthaltene Energie","PropertySets.Component Properties.Holz, Konstruktion.properties.Schicht/Komponenten-Typ",QuantitySets.Qto_WallBaseQuantities.Gips.id,QuantitySets.Qto_WallBaseQuantities.Gips.type,QuantitySets.Qto_WallBaseQuantities.Gips.Discrimination,QuantitySets.Qto_WallBaseQuantities.Gips.properties.Width,QuantitySets.Component Quantities.Gips.id,QuantitySets.Component Quantities.Gips.type,QuantitySets.Component Quantities.Gips.Discrimination,QuantitySets.Component Quantities.Gips.properties.Masse,QuantitySets.Component Quantities.Gips.properties.Schicht/Komponenten Oberflächenbereich (netto),QuantitySets.Component Quantities.Gips.properties.Schicht/Komponenten Oberflächenbereich (brutto),QuantitySets.Component Quantities.Gips.properties.Schicht/Komponenten Oberflächenbereich (konditional),QuantitySets.Component Quantities.Gips.properties.Schichtdicke,"QuantitySets.Component Quantities.Gips.properties.Schicht/Komponente Höhe (rechteckig, brutto)",QuantitySets.Component Quantities.Gips.properties.Schicht/Komponente Breite (rechteckig),QuantitySets.Component Quantities.Gips.properties.Schicht/Komponente Querschnittsbereich,QuantitySets.Component Quantities.Gips.properties.Schicht/Komponenten Volumen (netto),QuantitySets.Component Quantities.Gips.properties.Schicht/Komponenten Volumen (brutto),PropertySets.Component Properties.Gips.id,PropertySets.Component Properties.Gips.type,PropertySets.Component Properties.Gips.UsageName,PropertySets.Component Properties.Gips.properties.Enthaltenes CO2,PropertySets.Component Properties.Gips.properties.Enthaltene Energie,PropertySets.Component Properties.Gips.properties.Schicht/Komponenten-Typ,QuantitySets.Qto_WallBaseQuantities.Holzwerkstoff.id,QuantitySets.Qto_WallBaseQuantities.Holzwerkstoff.type,QuantitySets.Qto_WallBaseQuantities.Holzwerkstoff.Discrimination,QuantitySets.Qto_WallBaseQuantities.Holzwerkstoff.properties.Width,QuantitySets.Component Quantities.Holzwerkstoff.id,QuantitySets.Component Quantities.Holzwerkstoff.type,QuantitySets.Component Quantities.Holzwerkstoff.Discrimination,QuantitySets.Component Quantities.Holzwerkstoff.properties.Masse,QuantitySets.Component Quantities.Holzwerkstoff.properties.Schicht/Komponenten Oberflächenbereich (netto),QuantitySets.Component Quantities.Holzwerkstoff.properties.Schicht/Komponenten Oberflächenbereich (brutto),QuantitySets.Component Quantities.Holzwerkstoff.properties.Schicht/Komponenten Oberflächenbereich (konditional),QuantitySets.Component Quantities.Holzwerkstoff.properties.Schichtdicke,"QuantitySets.Component Quantities.Holzwerkstoff.properties.Schicht/Komponente Höhe (rechteckig, brutto)",QuantitySets.Component Quantities.Holzwerkstoff.properties.Schicht/Komponente Breite (rechteckig),QuantitySets.Component Quantities.Holzwerkstoff.properties.Schicht/Komponente Querschnittsbereich,QuantitySets.Component Quantities.Holzwerkstoff.properties.Schicht/Komponenten Volumen (netto),QuantitySets.Component Quantities.Holzwerkstoff.properties.Schicht/Komponenten Volumen (brutto),QuantitySets.Component Quantities.Holzwerkstoff.properties.Schicht/Komponenten Volumen (konditional),PropertySets.Component Properties.Holzwerkstoff.id,PropertySets.Component Properties.Holzwerkstoff.type,PropertySets.Component Properties.Holzwerkstoff.UsageName,PropertySets.Component Properties.Holzwerkstoff.properties.Enthaltenes CO2,PropertySets.Component Properties.Holzwerkstoff.properties.Enthaltene Energie,PropertySets.Component Properties.Holzwerkstoff.properties.Schicht/Komponenten-Typ
675,3O429zN$z4ZfTiLVhODax0,,IfcWall,NOTDEFINED,WALL-001,GF-Ground Floor,Blockwork - Plastered 126,Blockwork - Plastered,1926.0,2515.0,126.0,0.253014015177,0.253014015177,4.876585,2.986585,0.63633021,0.39819021,844.0,IfcPhysicalComplexQuantity,,100.0,847,1.0,0.0,0.0,0.0,0.0,2515.0,0.0,2515.0,0.0,2515.0,0.0,0.0,1.89,900.0,13.0,13.0,0.0,0.0,0.03513107,0.04252014,1.89,1.89,1926.0,2.70239,3.27078,0.23814,1800.0,5.16078,5.16078,126.0,1926.0,1800.0,2052.0,0.0,0.253014015177,2515.0,0.39819021,126.0,-15.0,-15.0,-15.0,-15.0,-15.0,-15.0,-300.0,3.27078,2052.0,126.0,0.650258308069,0.0,4208.38181772,2500.0,2500.0,2500.0,2500.0,2500.0,-15.0,-15.0,-15.0,-15.0,-15.0,0.253014015177,0.506028,3.27078,916,930.0,IfcPhysicalComplexQuantity,,448.7546,3.20539,5.09539,100.0,2515.0,100.0,0.2515,0.320539,0.509539,941,Undefined,714.0,Undefined,722,Not defined,,730,Straight,Uniform,Inside Face,Plaster,Plaster,90.0,90.0,WALL-005,WALL-005,A-EF2510--Walls,D810227D-5FFF-448E-976C-55FAD8364EC0,3O429zN$z4ZfTiLVhODax0,Blockwork - Plastered,Blockwork - Plastered,,,,,False,,GF-Ground Floor,0,,Wall,01-First Floor,Home + 1,Home + 1 (01-First Floor),Composite,WALL-005,Plaster - Gypsum; Block; Plaster - Gypsum,Block; Plaster,,90.0,,0.0,Undefined,Undefined,New,All Relevant Filters,776,823.0,IfcComplexProperty,Block,107.701 (kgCO₂),1346.2638,Core,828,2fF_CHkZb5BaOWgDKx5gVJ,Bahnhofplatz 3a-d,5000,Aarau,Aargau,Schweiz,"Bahnhofplatz 3a-d, 5000, Aarau, Aargau, Schweiz",47.39149745,8.05024822640468,,,,,,,,,,,,,,,,,,,,,,,,,,,,,,,,,,,,,,,,,,,,,,,,,,,,,,,,,,,,,,,,,,,,,,,,,,,,,,,,,,,,,,,,,,,,,,,,,,,,,,,,,,,,,,,,,,,,,,,,,,,,,,,,,,,,,,,,,,,,,,,,,,,,,,,,,,,,,,,,,,,,,,,,,,,,,,,,,,,,,,,,,,,,,,,,,,,,,,,,,,,,,,,,,,,,,,,,,,,,,,,,,,,,,,,,
5046,19_uiIGlnBruPNr_3gfkjK,,IfcWall,NOTDEFINED,WALL-001,GF-Ground Floor,Blockwork - Plastered 126,Blockwork - Plastered,1626.0,2515.0,126.0,0.204875990987,0.204875990987,4.08939,4.08939,0.51526314,0.51526314,5189.0,IfcPhysicalComplexQuantity,,100.0,5192,0.0,0.0,0.0,0.0,0.0,2515.0,0.0,2515.0,0.0,2515.0,0.0,0.0,0.0,0.0,13.0,13.0,0.0,0.0,0.049467535,0.056856605,0.0,0.0,1626.0,3.805195,4.373585,0.0,1500.0,4.40628,4.40628,126.0,1626.0,1500.0,1752.0,0.0,0.204875990987,2515.0,0.51526314,126.0,-15.0,-15.0,-15.0,-15.0,-15.0,-15.0,-300.0,4.373585,1739.0,126.0,0.555191303965,0.0,3608.38181772,2500.0,2500.0,2500.0,2500.0,2500.0,-15.0,-15.0,-15.0,-15.0,-15.0,0.204875990987,0.409752,4.373585,5261,5275.0,IfcPhysicalComplexQuantity,,572.5146,4.08939,4.08939,100.0,2515.0,100.0,0.2515,0.408939,0.408939,5286,Undefined,5059.0,Undefined,5067,Not defined,,5075,Straight,Uniform,Inside Face,Plaster,Plaster,90.0,90.0,WALL-006,WALL-006,A-EF2510--Walls,49FB8B12-42FC-4BD7-8657-D7E0EAA6EB54,19_uiIGlnBruPNr_3gfkjK,Blockwork - Plastered,Blockwork - Plastered,,,,,False,,GF-Ground Floor,0,,Wall,01-First Floor,Home + 1,Home + 1 (01-First Floor),Composite,WALL-006,Plaster - Gypsum; Block; Plaster - Gypsum,Block; Plaster,,90.0,,0.0,Undefined,Undefined,New,All Relevant Filters,5121,5168.0,IfcComplexProperty,Block,137.404 (kgCO₂),1717.5438,Core,5173,2fF_CHkZb5BaOWgDKx5gVJ,Bahnhofplatz 3a-d,5000,Aarau,Aargau,Schweiz,"Bahnhofplatz 3a-d, 5000, Aarau, Aargau, Schweiz",47.39149745,8.05024822640468,,,,,,,,,,,,,,,,,,,,,,,,,,,,,,,,,,,,,,,,,,,,,,,,,,,,,,,,,,,,,,,,,,,,,,,,,,,,,,,,,,,,,,,,,,,,,,,,,,,,,,,,,,,,,,,,,,,,,,,,,,,,,,,,,,,,,,,,,,,,,,,,,,,,,,,,,,,,,,,,,,,,,,,,,,,,,,,,,,,,,,,,,,,,,,,,,,,,,,,,,,,,,,,,,,,,,,,,,,,,,,,,,,,,,,,,
5356,32fmXV8Xb948mxl2KAuBrs,,IfcWall,NOTDEFINED,WALL-001,GF-Ground Floor,Blockwork - Plastered 126,Blockwork - Plastered,1926.0,2515.0,126.0,0.242675993367,0.242675993367,4.84389,4.84389,0.61033014,0.61033014,5499.0,IfcPhysicalComplexQuantity,,100.0,5502,0.0,0.0,0.0,0.0,0.0,2515.0,0.0,2515.0,0.0,2515.0,0.0,0.0,0.0,0.0,13.0,13.0,0.0,0.0,0.059276035,0.066665105,0.0,0.0,1926.0,4.559695,5.128085,0.0,1800.0,5.16078,5.16078,126.0,1926.0,1800.0,2052.0,0.0,0.242675993367,2515.0,0.61033014,126.0,-15.0,-15.0,-15.0,-15.0,-15.0,-15.0,-300.0,5.128085,2039.0,126.0,0.650258308069,0.0,4208.38181772,2500.0,2500.0,2500.0,2500.0,2500.0,-15.0,-15.0,-15.0,-15.0,-15.0,0.242675993367,0.485352,5.128085,5571,5585.0,IfcPhysicalComplexQuantity,,678.1446,4.84389,4.84389,100.0,2515.0,100.0,0.2515,0.484389,0.484389,5596,Undefined,5369.0,Undefined,5377,Not defined,,5385,Straight,Uniform,Inside Face,Plaster,Plaster,90.0,90.0,WALL-007,WALL-007,A-EF2510--Walls,C2A7085F-2219-4910-8C3B-BC250AE0BD76,32fmXV8Xb948mxl2KAuBrs,Blockwork - Plastered,Blockwork - Plastered,,,,,False,,GF-Ground Floor,0,,Wall,01-First Floor,Home + 1,Home + 1 (01-First Floor),Composite,WALL-007,Plaster - Gypsum; Block; Plaster - Gypsum,Block; Plaster,,90.0,,0.0,Undefined,Undefined,New,All Relevant Filters,5431,5478.0,IfcComplexProperty,Block,162.755 (kgCO₂),2034.4338,Core,5483,2fF_CHkZb5BaOWgDKx5gVJ,Bahnhofplatz 3a-d,5000,Aarau,Aargau,Schweiz,"Bahnhofplatz 3a-d, 5000, Aarau, Aargau, Schweiz",47.39149745,8.05024822640468,,,,,,,,,,,,,,,,,,,,,,,,,,,,,,,,,,,,,,,,,,,,,,,,,,,,,,,,,,,,,,,,,,,,,,,,,,,,,,,,,,,,,,,,,,,,,,,,,,,,,,,,,,,,,,,,,,,,,,,,,,,,,,,,,,,,,,,,,,,,,,,,,,,,,,,,,,,,,,,,,,,,,,,,,,,,,,,,,,,,,,,,,,,,,,,,,,,,,,,,,,,,,,,,,,,,,,,,,,,,,,,,,,,,,,,,
5666,1P12gEb291U8M4$h$gI98K,,IfcWall,NOTDEFINED,WALL-001,GF-Ground Floor,Blockwork - Plastered 126,Blockwork - Plastered,1626.0,2515.0,126.0,0.194537992603,0.194537992603,4.056695,4.056695,0.48926307,0.48926307,5809.0,IfcPhysicalComplexQuantity,,100.0,5812,0.0,0.0,0.0,0.0,0.0,2515.0,0.0,2515.0,0.0,2515.0,0.0,0.0,0.0,0.0,13.0,13.0,0.0,0.0,0.0490425,0.05643157,0.0,0.0,1626.0,3.7725,4.34089,0.0,1500.0,4.40628,4.40628,126.0,1626.0,1500.0,1752.0,0.0,0.194537992603,2515.0,0.48926307,126.0,-15.0,-15.0,-15.0,-15.0,-15.0,-15.0,-300.0,4.34089,1726.0,126.0,0.555191303965,0.0,3608.38181772,2500.0,2500.0,2500.0,2500.0,2500.0,-15.0,-15.0,-15.0,-15.0,-15.0,0.194537992603,0.389076,4.34089,5881,5895.0,IfcPhysicalComplexQuantity,,537.3046,3.83789,3.83789,100.0,2515.0,100.0,0.2515,0.383789,0.383789,5906,Undefined,5679.0,Undefined,5687,Not defined,,5695,Straight,Uniform,Inside Face,Plaster,Plaster,90.0,90.0,WALL-008,WALL-008,A-EF2510--Walls,59042A8E-9422-4178-8584-FEBFEA489214,1P12gEb291U8M4$h$gI98K,Blockwork - Plastered,Blockwork - Plastered,,,,,False,,GF-Ground Floor,0,,Wall,01-First Floor,Home + 1,Home + 1 (01-First Floor),Composite,WALL-008,Plaster - Gypsum; Block; Plaster - Gypsum,Block; Plaster,,90.0,,0.0,Undefined,Undefined,New,All Relevant Filters,5741,5788.0,IfcComplexProperty,Block,128.953 (kgCO₂),1611.9138,Core,5793,2fF_CHkZb5BaOWgDKx5gVJ,Bahnhofplatz 3a-d,5000,Aarau,Aargau,Schweiz,"Bahnhofplatz 3a-d, 5000, Aarau, Aargau, Schweiz",47.39149745,8.05024822640468,,,,,,,,,,,,,,,,,,,,,,,,,,,,,,,,,,,,,,,,,,,,,,,,,,,,,,,,,,,,,,,,,,,,,,,,,,,,,,,,,,,,,,,,,,,,,,,,,,,,,,,,,,,,,,,,,,,,,,,,,,,,,,,,,,,,,,,,,,,,,,,,,,,,,,,,,,,,,,,,,,,,,,,,,,,,,,,,,,,,,,,,,,,,,,,,,,,,,,,,,,,,,,,,,,,,,,,,,,,,,,,,,,,,,,,,
281,2yKssODKrFJf8ZWwf8tjL3,,IfcWall,NOTDEFINED,Mineral wool insulation,EG,"Dämmung, Konstruktion 150","Dämmung, Konstruktion",0.55,2.7,0.15,0.0825,0.0825,1.485,1.485,0.22275,0.22275,,,,,499,,,,,,,,,,,,,,,,,,,,,,,,,,,,,,,,,,,,,,,,,,,,,,,,,,,,,,,,,,,,,,,,,571,,,,,,,,,,,,,598,,,kein Feuerwiderstand,362,Loose laid,,375,,,,,,,,Mineral wool insulation,,,,,,,,,,,,,,,,,,,,,,,,,,,,,,,,425,,,,,,,480,00tMo7QcxqWdIGvc4sMN2A,Spitalgasse 47,3011,Bern,,Schweiz,"Spitalgasse 47, 3011, Bern, , Schweiz",46.9477801,7.4414553,496.0,IfcPhysicalComplexQuantity,,0.15,0.0825,2.7,0.22275,0.15,0.05,0.05,0.05,473.05,0.05,0.05,0.0,1.485,0.55,0.15,0.22275,0.22275,0.0,1.4,2.75,2.75,2.75,475.75,2.75,0.05,0.05,0.05,473.05,0.05,0.0825,0.975,1.485,0.0,0.0,0.0,0.0,0.0,0.0,0.0,2.7,2.7,0.0,0.0,0.0,0.0,0.0,0.0,0.0,0.0,0.0,0.0,0.0,0.55,1.485,1.485,0.0,0.55,0.55,1.485,0.55,1.485,1.485,1.485,0.15,0.55,0.55,0.55,0.0,586.0,IfcPhysicalComplexQuantity,,7.128,1.485,1.485,1.485,0.15,2.7,0.15,0.405,0.22275,0.22275,True,True,['EXISTING'],BC536D98-354D-4F4E-9223-83AA48DED543,"Dämmung, Konstruktion",Mineral wool insulation,017 Innenwände - Wandbelag,BC536D98-354D-4F4E-9223-83AA48DED543,2yKssODKrFJf8ZWwf8tjL3,"Dämmung, Konstruktion","Dämmung, Konstruktion",,,,,False,,EG,0,,Wand,Nicht verknüpft,Nicht verknüpft,Nicht verknüpft,Einfach,Mineral wool insulation,"Dämmung, Konstruktion","Farbe, gelb",,90.0,,0.0,"Farbe, gelb",Alle relevanten Filter,Bestand,Außen,Tragende Elemente,gerade,Uni,Innen,"Farbe, gelb","Farbe, gelb",90.0,90.0,True,Wand,475.0,IfcComplexProperty,"Dämmung, Konstruktion",7.69824 (kgCO₂),101.9304,Keine,14.3 (MJ/kg),1.08 (kgCO₂/kg),,,,True,Not defined,330.0,,,,,,,,,,,,,,,,,,,,,,,,,,,,,,,,,,,,,,,,,,,,,,,,,,,,,,,,,,,,,,,,,,,,,,,,,,,,,,,,,,,,,,,,
679,0rFtbdnNv2uuRQj0fgb9wj,,IfcWall,ELEMENTEDWALL,Timber frame top plate,EG,"Holz, Konstruktion 50","Holz, Konstruktion",,0.05,,0.3675,0.3675,0.26,0.26,0.018375,0.018375,,,,,836,,,,,,,,,,,,,,,,,,,,,,,,,,,,,,,,,,,,,,,,,,,,,,,,,,,,,,,,,,,,,,,,,884,,,,,,,,,,,,,907,,,,805,Screw fixing,,721,,,,,,,,Timber frame top plate,,,,,,,,,,,,,,,,,,,,,,,,,,,,,,,,764,,,,,,,819,00tMo7QcxqWdIGvc4sMN2A,Spitalgasse 47,3011,Bern,,Schweiz,"Spitalgasse 47, 3011, Bern, , Schweiz",46.9477801,7.4414553,,,,,0.3675,0.05,0.018375,,2.8,2.8,2.8,475.8,2.8,2.8,,0.3675,,0.05,0.018375,0.018375,,5.2,2.8,2.8,2.8,475.8,2.8,2.75,2.75,2.75,475.75,2.75,0.3675,0.26,0.3675,,,,,,,,,,,,,,,,,,,,,,,,,,,,,,,,,,,,,,,,,,,,,,,,,,,,['EXISTING'],353F7967-C57E-42E3-86DA-B40A6A949EAD,"Holz, Konstruktion",Timber frame top plate,035 Decken,353F7967-C57E-42E3-86DA-B40A6A949EAD,0rFtbdnNv2uuRQj0fgb9wj,"Holz, Konstruktion","Holz, Konstruktion",,,,,False,,EG,0,,Decke,,,,Einfach,Timber frame top plate,"Holz, Konstruktion",Holz Fichte,,,,0.0,Holz Fichte,Alle relevanten Filter,Bestand,Nicht definiert,Nicht definiert,,,,,,,,,Ständerwand,,,,,,,6.95 (MJ/kg),0.29 (kgCO₂/kg),,,,True,Not defined,700.0,833.0,IfcPhysicalComplexQuantity,,0.05,0.0,0.3675,0.3675,0.3675,0.26,0.3675,2.75,0.3675,0.3675,0.3675,0.26,0.26,0.3675,0.3675,0.0,2.8,897.0,IfcPhysicalComplexQuantity,,8.63625,0.3675,0.3675,0.3675,0.05,0.018375,0.018375,0.018375,Nur Vordergrund-Stift,Holz Fichte,Holz Fichte,Oben,814.0,IfcComplexProperty,"Holz, Konstruktion",2.50451 (kgCO₂),60.0219375,Keine,,,,,,,,,,,,,,,,,,,,,,,,,,,,,,,,,,,,,,,,,,,,,,,
1540,06YJ28ZZfFkAiKdq8bwrwk,,IfcWall,ELEMENTEDWALL,Timber frame base plate,EG,"Holz, Konstruktion 50","Holz, Konstruktion",,0.05,,0.3675,0.3675,0.26,0.26,0.018375,0.018375,,,,,1663,,,,,,,,,,,,,,,,,,,,,,,,,,,,,,,,,,,,,,,,,,,,,,,,,,,,,,,,,,,,,,,,,1711,,,,,,,,,,,,,1734,,,,1632,Screw fixing,,1548,,,,,,,,Timber frame base plate,,,,,,,,,,,,,,,,,,,,,,,,,,,,,,,,1591,,,,,,,1646,00tMo7QcxqWdIGvc4sMN2A,Spitalgasse 47,3011,Bern,,Schweiz,"Spitalgasse 47, 3011, Bern, , Schweiz",46.9477801,7.4414553,,,,,0.3675,0.05,0.018375,,0.05,0.05,0.05,473.05,0.05,0.05,,0.3675,,0.05,0.018375,0.018375,,5.2,0.05,0.05,0.05,473.05,0.05,0.0,0.0,0.0,473.0,0.0,0.3675,0.26,0.3675,,,,,,,,,,,,,,,,,,,,,,,,,,,,,,,,,,,,,,,,,,,,,,,,,,,,['EXISTING'],06893088-8E3A-4FB8-AB14-9F4225EB5EAE,"Holz, Konstruktion",Timber frame base plate,035 Decken,06893088-8E3A-4FB8-AB14-9F4225EB5EAE,06YJ28ZZfFkAiKdq8bwrwk,"Holz, Konstruktion","Holz, Konstruktion",,,,,False,,EG,0,,Decke,,,,Einfach,Timber frame base plate,"Holz, Konstruktion",Holz Fichte,,,,0.0,Holz Fichte,Alle relevanten Filter,Bestand,Nicht definiert,Nicht definiert,,,,,,,,,Ständerwand,,,,,,,6.95 (MJ/kg),0.29 (kgCO₂/kg),,,,True,Not defined,700.0,1660.0,IfcPhysicalComplexQuantity,,0.05,0.0,0.3675,0.3675,0.3675,0.26,0.3675,-1.80411241502e-16,0.3675,0.3675,0.3675,0.26,0.26,0.3675,0.3675,0.0,0.05,1724.0,IfcPhysicalComplexQuantity,,8.63625,0.3675,0.3675,0.3675,0.05,0.018375,0.018375,0.018375,Nur Vordergrund-Stift,Holz Fichte,Holz Fichte,Oben,1641.0,IfcComplexProperty,"Holz, Konstruktion",2.50451 (kgCO₂),60.0219375,Keine,,,,,,,,,,,,,,,,,,,,,,,,,,,,,,,,,,,,,,,,,,,,,,,
2364,27chI5qx9D2gy_Tjkth_FN,,IfcWall,NOTDEFINED,Plasterboard lining,EG,Gips 15,Gips,2.45,2.52,0.015,0.03675,0.03675,6.174,6.174,0.09261,0.09261,,,,,2545,,,,,,,,,,,,,,,,,,,,,,,,,,,,,,,,,,,,,,,,,,,,,,,,,,,,,,,,,,,,,,,,,2617,,,,,,,,,,,,,2644,,,kein Feuerwiderstand,2408,Screw fixing,,2421,,,,,,,,Plasterboard lining,,,,,,,,,,,,,,,,,,,,,,,,,,,,,,,,2471,,,,,,,2526,00tMo7QcxqWdIGvc4sMN2A,Spitalgasse 47,3011,Bern,,Schweiz,"Spitalgasse 47, 3011, Bern, , Schweiz",46.9477801,7.4414553,,,,,0.03675,2.52,0.09261,0.015,9.71445146547e-16,9.71445146547e-16,9.71445146547e-16,473.0,9.71445146547e-16,9.71445146547e-16,0.0,6.174,2.45,0.015,0.09261,0.09261,0.0,4.93,2.52,2.52,2.52,475.52,2.52,8.881784197e-16,8.881784197e-16,8.881784197e-16,473.0,8.881784197e-16,0.03675,0.1491,6.174,0.0,0.0,0.0,0.0,0.0,0.0,0.0,2.52,2.52,0.0,0.0,0.0,0.0,0.0,0.0,0.0,0.0,0.0,0.0,0.0,2.45,6.174,6.174,0.0,2.45,2.45,6.174,2.45,6.174,6.174,6.174,0.015,2.45,2.45,2.45,0.0,,,,,,,,,,,,,,True,True,['EXISTING'],879AB485-D3B2-4D0A-AF3E-76DBB7AFE3D7,Gips,Plasterboard lining,017 Innenwände - Wandbelag,879AB485-D3B2-4D0A-AF3E-76DBB7AFE3D7,27chI5qx9D2gy_Tjkth_FN,Gips,Gips,,,,,False,,EG,0,,Wand,Nicht verknüpft,Nicht verknüpft,Nicht verknüpft,Einfach,Plasterboard lining,Gips,"Verputz, glatt, weiss",,90.0,,0.0,"Verputz, glatt, weiss",Alle relevanten Filter,Bestand,Außen,Tragende Elemente,gerade,Uni,Außen,"Verputz, glatt, weiss","Verputz, glatt, weiss",90.0,90.0,True,Wand,,,,,,,1.72 (MJ/kg),0.08 (kgCO₂/kg),,,,True,Not defined,2385.0,,,,,,,,,,,,,,,,,,,,,,,,,,,,,,,,,,,,,,,,,,2542.0,IfcPhysicalComplexQuantity,,0.015,2632.0,IfcPhysicalComplexQuantity,,55.566,6.174,6.174,6.174,0.015,2.52,0.015,0.0378,0.09261,0.09261,2521.0,IfcComplexProperty,Gips,4.44528 (kgCO₂),95.57352,Keine,,,,,,,,,,,,,,,,,,,,,,,,
2728,2LMddqCv1DMvvn8GGEitAe,,IfcWall,NOTDEFINED,External ply cladding,EG,Holzwerkstoff 15,Holzwerkstoff,2.45,2.8,0.015,0.03675,0.03675,6.86,6.86,0.1029,0.1029,,,,,2917,,,,,,,,,,,,,,,,,,,,,,,,,,,,,,,,,,,,,,,,,,,,,,,,,,,,,,,,,,,,,,,,,2989,,,,,,,,,,,,,3018,,,kein Feuerwiderstand,2780,Screw fixing,,2793,,,,,,,,External ply cladding,,,,,,,,,,,,,,,,,,,,,,,,,,,,,,,,2843,,,,,,,2898,00tMo7QcxqWdIGvc4sMN2A,Spitalgasse 47,3011,Bern,,Schweiz,"Spitalgasse 47, 3011, Bern, , Schweiz",46.9477801,7.4414553,,,,,0.03675,2.8,0.1029,0.015,9.71445146547e-16,9.71445146547e-16,9.71445146547e-16,473.0,9.71445146547e-16,9.71445146547e-16,0.0,6.86,2.45,0.015,0.1029,0.1029,0.0,4.93,2.8,2.8,2.8,475.8,2.8,0.0,0.0,0.0,473.0,0.0,0.03675,0.1575,6.86,0.0,0.0,0.0,0.0,0.0,0.0,0.0,2.8,2.8,0.0,0.0,0.0,0.0,0.0,0.0,0.0,0.0,0.0,0.0,0.0,2.45,6.86,6.86,0.0,2.45,2.45,6.86,2.45,6.86,6.86,6.86,0.015,2.45,2.45,2.45,0.0,,,,,,,,,,,,,,True,True,['EXISTING'],955A79F4-3390-4D5B-9E71-21040EB372A8,Holzwerkstoff,External ply cladding,017 Innenwände - Wandbelag,955A79F4-3390-4D5B-9E71-21040EB372A8,2LMddqCv1DMvvn8GGEitAe,Holzwerkstoff,Holzwerkstoff,,,,,False,,EG,0,,Wand,Nicht verknüpft,Nicht verknüpft,Nicht verknüpft,Einfach,External ply cladding,Holzwerkstoff,"Holzwerkstoff, Spanplatten, grob",,90.0,,0.0,"Holzwerkstoff, Spanplatten, grob",Alle relevanten Filter,Bestand,Außen,Tragende Elemente,gerade,Uni,Außen,"Holzwerkstoff, Spanplatten, grob","Holzwerkstoff, Spanplatten, grob",90.0,90.0,True,Wand,,,,,,,15 (MJ/kg),0.9 (kgCO₂/kg),,,,True,Not defined,2749.0,,,,,,,,,,,,,,,,,,,,,,,,,,,,,,,,,,,,,,,,,,,,,,,,,,,,,,,,,,,,,,,,,2914.0,IfcPhysicalComplexQuantity,,0.015,3005.0,IfcPhysicalComplexQuantity,,66.885,6.86,6.86,6.86,0.015,2.8,0.015,0.042,0.1029,0.1029,0.1029,2893.0,IfcComplexProperty,Holzwerkstoff,60.1965 (kgCO₂),1003.275,Keine
3098,2nZ65biIPBT9HvHv1otczr,,IfcWall,NOTDEFINED,Mineral wool insulation,EG,"Dämmung, Konstruktion 150","Dämmung, Konstruktion",0.55,2.7,0.15,0.0825,0.0825,1.485,1.485,0.22275,0.22275,,,,,3252,,,,,,,,,,,,,,,,,,,,,,,,,,,,,,,,,,,,,,,,,,,,,,,,,,,,,,,,,,,,,,,,,3324,,,,,,,,,,,,,3351,,,kein Feuerwiderstand,3115,Loose laid,,3128,,,,,,,,Mineral wool insulation,,,,,,,,,,,,,,,,,,,,,,,,,,,,,,,,3178,,,,,,,3233,00tMo7QcxqWdIGvc4sMN2A,Spitalgasse 47,3011,Bern,,Schweiz,"Spitalgasse 47, 3011, Bern, , Schweiz",46.9477801,7.4414553,3249.0,IfcPhysicalComplexQuantity,,0.15,0.0825,2.7,0.22275,0.15,0.05,0.05,0.05,473.05,0.05,0.05,0.0,1.485,0.55,0.15,0.22275,0.22275,0.0,1.4,2.75,2.75,2.75,475.75,2.75,0.05,0.05,0.05,473.05,0.05,0.0825,0.975,1.485,0.0,0.0,0.0,0.0,0.0,0.0,0.0,2.7,2.7,0.0,0.0,0.0,0.0,0.0,0.0,0.0,0.0,0.0,0.0,0.0,0.55,1.485,1.485,0.0,0.55,0.55,1.485,0.55,1.485,1.485,1.485,0.15,0.55,0.55,0.55,0.0,3339.0,IfcPhysicalComplexQuantity,,7.128,1.485,1.485,1.485,0.15,2.7,0.15,0.405,0.22275,0.22275,True,True,['EXISTING'],B18C6165-B126-4B74-9479-479072DE6F75,"Dämmung, Konstruktion",Mineral wool insulation,017 Innenwände - Wandbelag,B18C6165-B126-4B74-9479-479072DE6F75,2nZ65biIPBT9HvHv1otczr,"Dämmung, Konstruktion","Dämmung, Konstruktion",,,,,False,,EG,0,,Wand,Nicht verknüpft,Nicht verknüpft,Nicht verknüpft,Einfach,Mineral wool insulation,"Dämmung, Konstruktion","Farbe, gelb",,90.0,,0.0,"Farbe, gelb",Alle relevanten Filter,Bestand,Außen,Tragende Elemente,gerade,Uni,Innen,"Farbe, gelb","Farbe, gelb",90.0,90.0,True,Wand,3228.0,IfcComplexProperty,"Dämmung, Konstruktion",7.69824 (kgCO₂),101.9304,Keine,14.3 (MJ/kg),1.08 (kgCO₂/kg),,,,True,Not defined,330.0,,,,,,,,,,,,,,,,,,,,,,,,,,,,,,,,,,,,,,,,,,,,,,,,,,,,,,,,,,,,,,,,,,,,,,,,,,,,,,,,,,,,,,,,
3427,2IivjH82n2dvRxjdxL_KN1,,IfcWall,NOTDEFINED,Mineral wool insulation,EG,"Dämmung, Konstruktion 150","Dämmung, Konstruktion",0.55,2.7,0.15,0.0825,0.0825,1.485,1.485,0.22275,0.22275,,,,,3581,,,,,,,,,,,,,,,,,,,,,,,,,,,,,,,,,,,,,,,,,,,,,,,,,,,,,,,,,,,,,,,,,3653,,,,,,,,,,,,,3680,,,kein Feuerwiderstand,3444,Loose laid,,3457,,,,,,,,Mineral wool insulation,,,,,,,,,,,,,,,,,,,,,,,,,,,,,,,,3507,,,,,,,3562,00tMo7QcxqWdIGvc4sMN2A,Spitalgasse 47,3011,Bern,,Schweiz,"Spitalgasse 47, 3011, Bern, , Schweiz",46.9477801,7.4414553,3578.0,IfcPhysicalComplexQuantity,,0.15,0.0825,2.7,0.22275,0.15,0.05,0.05,0.05,473.05,0.05,0.05,0.0,1.485,0.55,0.15,0.22275,0.22275,0.0,1.4,2.75,2.75,2.75,475.75,2.75,0.05,0.05,0.05,473.05,0.05,0.0825,0.975,1.485,0.0,0.0,0.0,0.0,0.0,0.0,0.0,2.7,2.7,0.0,0.0,0.0,0.0,0.0,0.0,0.0,0.0,0.0,0.0,0.0,0.55,1.485,1.485,0.0,0.55,0.55,1.485,0.55,1.485,1.485,1.485,0.15,0.55,0.55,0.55,0.0,3668.0,IfcPhysicalComplexQuantity,,7.128,1.485,1.485,1.485,0.15,2.7,0.15,0.405,0.22275,0.22275,True,True,['EXISTING'],92B39B51-202C-429F-96FB-B67ED5F945C1,"Dämmung, Konstruktion",Mineral wool insulation,017 Innenwände - Wandbelag,92B39B51-202C-429F-96FB-B67ED5F945C1,2IivjH82n2dvRxjdxL_KN1,"Dämmung, Konstruktion","Dämmung, Konstruktion",,,,,False,,EG,0,,Wand,Nicht verknüpft,Nicht verknüpft,Nicht verknüpft,Einfach,Mineral wool insulation,"Dämmung, Konstruktion","Farbe, gelb",,90.0,,0.0,"Farbe, gelb",Alle relevanten Filter,Bestand,Außen,Tragende Elemente,gerade,Uni,Innen,"Farbe, gelb","Farbe, gelb",90.0,90.0,True,Wand,3557.0,IfcComplexProperty,"Dämmung, Konstruktion",7.69824 (kgCO₂),101.9304,Keine,14.3 (MJ/kg),1.08 (kgCO₂/kg),,,,True,Not defined,330.0,,,,,,,,,,,,,,,,,,,,,,,,,,,,,,,,,,,,,,,,,,,,,,,,,,,,,,,,,,,,,,,,,,,,,,,,,,,,,,,,,,,,,,,,
3756,1lhBHTeNr9oQsOuQCfZsgR,,IfcWall,NOTDEFINED,Mineral wool insulation,EG,"Dämmung, Konstruktion 150","Dämmung, Konstruktion",0.55,2.7,0.15,0.0825,0.0825,1.485,1.485,0.22275,0.22275,,,,,3910,,,,,,,,,,,,,,,,,,,,,,,,,,,,,,,,,,,,,,,,,,,,,,,,,,,,,,,,,,,,,,,,,3982,,,,,,,,,,,,,4009,,,kein Feuerwiderstand,3773,Loose laid,,3786,,,,,,,,Mineral wool insulation,,,,,,,,,,,,,,,,,,,,,,,,,,,,,,,,3836,,,,,,,3891,00tMo7QcxqWdIGvc4sMN2A,Spitalgasse 47,3011,Bern,,Schweiz,"Spitalgasse 47, 3011, Bern, , Schweiz",46.9477801,7.4414553,3907.0,IfcPhysicalComplexQuantity,,0.15,0.0825,2.7,0.22275,0.15,0.05,0.05,0.05,473.05,0.05,0.05,0.0,1.485,0.55,0.15,0.22275,0.22275,0.0,1.4,2.75,2.75,2.75,475.75,2.75,0.05,0.05,0.05,473.05,0.05,0.0825,0.975,1.485,0.0,0.0,0.0,0.0,0.0,0.0,0.0,2.7,2.7,0.0,0.0,0.0,0.0,0.0,0.0,0.0,0.0,0.0,0.0,0.0,0.55,1.485,1.485,0.0,0.55,0.55,1.485,0.55,1.485,1.485,1.485,0.15,0.55,0.55,0.55,0.0,3997.0,IfcPhysicalComplexQuantity,,7.128,1.485,1.485,1.485,0.15,2.7,0.15,0.405,0.22275,0.22275,True,True,['EXISTING'],6FACB45D-A17D-49C9-AD98-E1A3298F6A9B,"Dämmung, Konstruktion",Mineral wool insulation,017 Innenwände - Wandbelag,6FACB45D-A17D-49C9-AD98-E1A3298F6A9B,1lhBHTeNr9oQsOuQCfZsgR,"Dämmung, Konstruktion","Dämmung, Konstruktion",,,,,False,,EG,0,,Wand,Nicht verknüpft,Nicht verknüpft,Nicht verknüpft,Einfach,Mineral wool insulation,"Dämmung, Konstruktion","Farbe, gelb",,90.0,,0.0,"Farbe, gelb",Alle relevanten Filter,Bestand,Außen,Tragende Elemente,gerade,Uni,Innen,"Farbe, gelb","Farbe, gelb",90.0,90.0,True,Wand,3886.0,IfcComplexProperty,"Dämmung, Konstruktion",7.69824 (kgCO₂),101.9304,Keine,14.3 (MJ/kg),1.08 (kgCO₂/kg),,,,True,Not defined,330.0,,,,,,,,,,,,,,,,,,,,,,,,,,,,,,,,,,,,,,,,,,,,,,,,,,,,,,,,,,,,,,,,,,,,,,,,,,,,,,,,,,,,,,,,
700,3O429zN$z4ZfTiLVhODax0,,IfcWall,NOTDEFINED,WALL-001,GF-Ground Floor,Blockwork - Plastered 126,Blockwork - Plastered,1926.0,2515.0,126.0,0.253014015177,0.253014015177,4.876585,2.986585,0.63633021,0.24507981,869.0,IfcPhysicalComplexQuantity,,100.0,872,1.0,0.0,0.0,0.0,0.0,2515.0,0.0,2515.0,0.0,2515.0,0.0,0.0,1.89,900.0,13.0,13.0,0.0,0.0,0.03513107,0.04252014,1.89,1.89,1926.0,2.70239,3.27078,0.3912504,1800.0,5.16078,5.16078,126.0,1926.0,1800.0,2052.0,0.0,0.253014015177,2515.0,0.24507981,126.0,-15.0,-15.0,-15.0,-15.0,-15.0,-15.0,-300.0,3.27078,2052.0,126.0,0.650258308069,0.0,4208.38181772,2500.0,2500.0,2500.0,2500.0,2500.0,-15.0,-15.0,-15.0,-15.0,-15.0,0.253014015177,0.506028,3.27078,941,955.0,IfcPhysicalComplexQuantity,,234.40004,3.2053899725,5.09539,100.0,2515.0,100.0,0.2515,0.1674286,0.509539,966,Undefined,739.0,Undefined,747,Not defined,,755,Straight,Uniform,Inside Face,Plaster,Plaster,90.0,90.0,WALL-005,WALL-005,A-EF2510--Walls,D810227D-5FFF-448E-976C-55FAD8364EC0,3O429zN$z4ZfTiLVhODax0,Blockwork - Plastered,Blockwork - Plastered,,,,,False,,GF-Ground Floor,0,,Wall,01-First Floor,Home + 1,Home + 1 (01-First Floor),Composite,WALL-005,Plaster - Gypsum; Block; Plaster - Gypsum,Block; Plaster,,90.0,,0.0,Undefined,Undefined,New,All Relevant Filters,801,848.0,IfcComplexProperty,Block,56.256 (kgCO₂),703.20012,Core,853,2fF_CHkZb5BaOWgDKx5gVJ,Fürst-Franz-Josef-Strasse,9490,Vaduz,,Liechtenstein,"Fürst-Franz-Josef-Strasse, 9490, Vaduz, , Liechtenstein",47.1500656,9.516412820046849,,,,,,,,,,,,,,,,,,,,,,,,,,,,,,,,,,,,,,,,,,,,,,,,,,,,,,,,,,,,,,,,,,,,,,,,,,,,,,,,,,,,,,,,,,,,,,,,,,,,,,,,,,,,,,,,,,,,,,,,,,,,,,,,,,,,,,,,,,,,,,,,,,,,,,,,,,,,,,,,,,,,,,,,,,,,,,,,,,,,,,,,,,,,,,,,,,,,,,,,,,,,,,,,,,,,,,,,,,,,,,,,,,,,,,,,
3619,19_uiIGlnBruPNr_3gfkjK,,IfcWall,NOTDEFINED,WALL-001,GF-Ground Floor,Blockwork - Plastered 126,Blockwork - Plastered,1626.0,2515.0,126.0,0.204875990987,0.204875990987,4.08939,4.08939,0.51526314,0.51526314,3762.0,IfcPhysicalComplexQuantity,,100.0,3765,0.0,0.0,0.0,0.0,0.0,2515.0,0.0,2515.0,0.0,2515.0,0.0,0.0,0.0,0.0,13.0,13.0,0.0,0.0,0.049467535,0.056856605,0.0,0.0,1626.0,3.805195,4.373585,0.0,1500.0,4.40628,4.40628,126.0,1626.0,1500.0,1752.0,0.0,0.204875990987,2515.0,0.51526314,126.0,-15.0,-15.0,-15.0,-15.0,-15.0,-15.0,-300.0,4.373585,1739.0,126.0,0.555191303965,0.0,3608.38181772,2500.0,2500.0,2500.0,2500.0,2500.0,-15.0,-15.0,-15.0,-15.0,-15.0,0.204875990987,0.409752,4.373585,3834,3848.0,IfcPhysicalComplexQuantity,,572.5146,4.08939,4.08939,100.0,2515.0,100.0,0.2515,0.408939,0.408939,3859,Undefined,3632.0,Undefined,3640,Not defined,,3648,Straight,Uniform,Inside Face,Plaster,Plaster,90.0,90.0,WALL-006,WALL-006,A-EF2510--Walls,49FB8B12-42FC-4BD7-8657-D7E0EAA6EB54,19_uiIGlnBruPNr_3gfkjK,Blockwork - Plastered,Blockwork - Plastered,,,,,False,,GF-Ground Floor,0,,Wall,01-First Floor,Home + 1,Home + 1 (01-First Floor),Composite,WALL-006,Plaster - Gypsum; Block; Plaster - Gypsum,Block; Plaster,,90.0,,0.0,Undefined,Undefined,New,All Relevant Filters,3694,3741.0,IfcComplexProperty,Block,137.404 (kgCO₂),1717.5438,Core,3746,2fF_CHkZb5BaOWgDKx5gVJ,Fürst-Franz-Josef-Strasse,9490,Vaduz,,Liechtenstein,"Fürst-Franz-Josef-Strasse, 9490, Vaduz, , Liechtenstein",47.1500656,9.516412820046849,,,,,,,,,,,,,,,,,,,,,,,,,,,,,,,,,,,,,,,,,,,,,,,,,,,,,,,,,,,,,,,,,,,,,,,,,,,,,,,,,,,,,,,,,,,,,,,,,,,,,,,,,,,,,,,,,,,,,,,,,,,,,,,,,,,,,,,,,,,,,,,,,,,,,,,,,,,,,,,,,,,,,,,,,,,,,,,,,,,,,,,,,,,,,,,,,,,,,,,,,,,,,,,,,,,,,,,,,,,,,,,,,,,,,,,,
3929,32fmXV8Xb948mxl2KAuBrs,,IfcWall,NOTDEFINED,WALL-001,GF-Ground Floor,Blockwork - Plastered 126,Blockwork - Plastered,1926.0,2515.0,126.0,0.242675993367,0.242675993367,4.84389,4.84389,0.61033014,0.61033014,4072.0,IfcPhysicalComplexQuantity,,100.0,4075,0.0,0.0,0.0,0.0,0.0,2515.0,0.0,2515.0,0.0,2515.0,0.0,0.0,0.0,0.0,13.0,13.0,0.0,0.0,0.059276035,0.066665105,0.0,0.0,1926.0,4.559695,5.128085,0.0,1800.0,5.16078,5.16078,126.0,1926.0,1800.0,2052.0,0.0,0.242675993367,2515.0,0.61033014,126.0,-15.0,-15.0,-15.0,-15.0,-15.0,-15.0,-300.0,5.128085,2039.0,126.0,0.650258308069,0.0,4208.38181772,2500.0,2500.0,2500.0,2500.0,2500.0,-15.0,-15.0,-15.0,-15.0,-15.0,0.242675993367,0.485352,5.128085,4144,4158.0,IfcPhysicalComplexQuantity,,678.1446,4.84389,4.84389,100.0,2515.0,100.0,0.2515,0.484389,0.484389,4169,Undefined,3942.0,Undefined,3950,Not defined,,3958,Straight,Uniform,Inside Face,Plaster,Plaster,90.0,90.0,WALL-007,WALL-007,A-EF2510--Walls,C2A7085F-2219-4910-8C3B-BC250AE0BD76,32fmXV8Xb948mxl2KAuBrs,Blockwork - Plastered,Blockwork - Plastered,,,,,False,,GF-Ground Floor,0,,Wall,01-First Floor,Home + 1,Home + 1 (01-First Floor),Composite,WALL-007,Plaster - Gypsum; Block; Plaster - Gypsum,Block; Plaster,,90.0,,0.0,Undefined,Undefined,New,All Relevant Filters,4004,4051.0,IfcComplexProperty,Block,162.755 (kgCO₂),2034.4338,Core,4056,2fF_CHkZb5BaOWgDKx5gVJ,Fürst-Franz-Josef-Strasse,9490,Vaduz,,Liechtenstein,"Fürst-Franz-Josef-Strasse, 9490, Vaduz, , Liechtenstein",47.1500656,9.516412820046849,,,,,,,,,,,,,,,,,,,,,,,,,,,,,,,,,,,,,,,,,,,,,,,,,,,,,,,,,,,,,,,,,,,,,,,,,,,,,,,,,,,,,,,,,,,,,,,,,,,,,,,,,,,,,,,,,,,,,,,,,,,,,,,,,,,,,,,,,,,,,,,,,,,,,,,,,,,,,,,,,,,,,,,,,,,,,,,,,,,,,,,,,,,,,,,,,,,,,,,,,,,,,,,,,,,,,,,,,,,,,,,,,,,,,,,,
4239,1P12gEb291U8M4$h$gI98K,,IfcWall,NOTDEFINED,WALL-001,GF-Ground Floor,Blockwork - Plastered 126,Blockwork - Plastered,1626.0,2515.0,126.0,0.194537992603,0.194537992603,4.056695,4.056695,0.48926307,0.48926307,4382.0,IfcPhysicalComplexQuantity,,100.0,4385,0.0,0.0,0.0,0.0,0.0,2515.0,0.0,2515.0,0.0,2515.0,0.0,0.0,0.0,0.0,13.0,13.0,0.0,0.0,0.0490425,0.05643157,0.0,0.0,1626.0,3.7725,4.34089,0.0,1500.0,4.40628,4.40628,126.0,1626.0,1500.0,1752.0,0.0,0.194537992603,2515.0,0.48926307,126.0,-15.0,-15.0,-15.0,-15.0,-15.0,-15.0,-300.0,4.34089,1726.0,126.0,0.555191303965,0.0,3608.38181772,2500.0,2500.0,2500.0,2500.0,2500.0,-15.0,-15.0,-15.0,-15.0,-15.0,0.194537992603,0.389076,4.34089,4454,4468.0,IfcPhysicalComplexQuantity,,537.3046,3.83789,3.83789,100.0,2515.0,100.0,0.2515,0.383789,0.383789,4479,Undefined,4252.0,Undefined,4260,Not defined,,4268,Straight,Uniform,Inside Face,Plaster,Plaster,90.0,90.0,WALL-008,WALL-008,A-EF2510--Walls,59042A8E-9422-4178-8584-FEBFEA489214,1P12gEb291U8M4$h$gI98K,Blockwork - Plastered,Blockwork - Plastered,,,,,False,,GF-Ground Floor,0,,Wall,01-First Floor,Home + 1,Home + 1 (01-First Floor),Composite,WALL-008,Plaster - Gypsum; Block; Plaster - Gypsum,Block; Plaster,,90.0,,0.0,Undefined,Undefined,New,All Relevant Filters,4314,4361.0,IfcComplexProperty,Block,128.953 (kgCO₂),1611.9138,Core,4366,2fF_CHkZb5BaOWgDKx5gVJ,Fürst-Franz-Josef-Strasse,9490,Vaduz,,Liechtenstein,"Fürst-Franz-Josef-Strasse, 9490, Vaduz, , Liechtenstein",47.1500656,9.516412820046849,,,,,,,,,,,,,,,,,,,,,,,,,,,,,,,,,,,,,,,,,,,,,,,,,,,,,,,,,,,,,,,,,,,,,,,,,,,,,,,,,,,,,,,,,,,,,,,,,,,,,,,,,,,,,,,,,,,,,,,,,,,,,,,,,,,,,,,,,,,,,,,,,,,,,,,,,,,,,,,,,,,,,,,,,,,,,,,,,,,,,,,,,,,,,,,,,,,,,,,,,,,,,,,,,,,,,,,,,,,,,,,,,,,,,,,,
